scenario,mean_travel_time,median_travel_time,std_travel_time,vehicle_count,total_travel_time
0,146.52888411701704,125.0,115.68771923351119,380936,55818127
1,148.34851122717737,125.0,119.01710911916719,380817,56493635
2,201.728928639512,167.0,160.09885246620183,314740,63492163
3,333.2666434509372,278.0,251.44197711556615,246959,82303197
4,685.7732369563262,590.0,495.48305745417605,233389,160051930
